dataset_id,dataset_name,dataset_revision,image_size,batch_size,num_workers,epochs,lr,weight_decay,seed,device,use_amp,use_aug,train_fraction,loss,stage,split,model_name,artifact_dir,ckpt_path,auc,acc,f1,cm00,cm01,cm10,cm11
hf-vision/chest-xray-pneumonia,,refs/convert/parquet,224,64,4,15,0.0003,0.0001,0,cuda,True,True,1.0,ce,baselines,test,baseline_random_dist,results/baselines,,0.5247863247863248,0.5801282051282052,0.6895734597156398,71,163,99,291
hf-vision/chest-xray-pneumonia,,refs/convert/parquet,224,64,4,15,0.0003,0.0001,0,cuda,True,True,1.0,ce,baselines,test,baseline_majority,results/baselines,,0.5,0.625,0.7692307692307693,0,234,0,390
hf-vision/chest-xray-pneumonia,,refs/convert/parquet,224,64,4,15,0.0003,0.0001,0,cuda,True,True,1.0,ce,baselines,test,baseline_frozen_resnet_lr,results/baselines,,0.9493534955073416,0.844551282051282,0.8886337543053962,140,94,3,387
hf-vision/chest-xray-pneumonia,,refs/convert/parquet,224,64,4,10,0.0003,0.0001,0,cuda,True,False,1.0,ce,train_ce_no_aug,valid,resnet18_ce_aug0,results/train_ce_no_aug/seed_0,,0.9987305739344514,0.9329501915708812,0.9527665317139,134,0,35,353
hf-vision/chest-xray-pneumonia,,refs/convert/parquet,224,64,4,10,0.0003,0.0001,0,cuda,True,False,1.0,ce,train_ce_no_aug,valid,resnet18_ce_aug0,results/train_ce_no_aug/seed_0,,0.9989229112171104,0.9865900383141762,0.9909208819714656,133,1,6,382
hf-vision/chest-xray-pneumonia,,refs/convert/parquet,224,64,4,10,0.0003,0.0001,0,cuda,True,False,1.0,ce,train_ce_no_aug,valid,resnet18_ce_aug0,results/train_ce_no_aug/seed_0,,0.9990383135867056,0.9616858237547892,0.9748110831234256,115,19,1,387
hf-vision/chest-xray-pneumonia,,refs/convert/parquet,224,64,4,10,0.0003,0.0001,0,cuda,True,False,1.0,ce,train_ce_no_aug,valid,resnet18_ce_aug0,results/train_ce_no_aug/seed_0,,0.9991344822280352,0.9885057471264368,0.9922680412371134,131,3,3,385
hf-vision/chest-xray-pneumonia,,refs/convert/parquet,224,64,4,10,0.0003,0.0001,0,cuda,True,False,1.0,ce,train_ce_no_aug,valid,resnet18_ce_aug0,results/train_ce_no_aug/seed_0,,0.9991729496845668,0.9770114942528736,0.9847328244274808,123,11,1,387
hf-vision/chest-xray-pneumonia,,refs/convert/parquet,224,64,4,10,0.0003,0.0001,0,cuda,True,False,1.0,ce,train_ce_no_aug,valid,resnet18_ce_aug0,results/train_ce_no_aug/seed_0,,0.9995383905216186,0.9885057471264368,0.9923076923076924,129,5,1,387
hf-vision/chest-xray-pneumonia,,refs/convert/parquet,224,64,4,10,0.0003,0.0001,0,cuda,True,False,1.0,ce,train_ce_no_aug,valid,resnet18_ce_aug0,results/train_ce_no_aug/seed_0,,0.998999846130174,0.9865900383141762,0.9910371318822024,128,6,1,387
hf-vision/chest-xray-pneumonia,,refs/convert/parquet,224,64,4,10,0.0003,0.0001,0,cuda,True,False,1.0,ce,train_ce_no_aug,valid,resnet18_ce_aug0,results/train_ce_no_aug/seed_0,,0.999634559162948,0.9865900383141762,0.9908972691807544,134,0,7,381
hf-vision/chest-xray-pneumonia,,refs/convert/parquet,224,64,4,10,0.0003,0.0001,0,cuda,True,False,1.0,ce,train_ce_no_aug,valid,resnet18_ce_aug0,results/train_ce_no_aug/seed_0,,0.9989036774888445,0.9846743295019156,0.9897172236503856,129,5,3,385
hf-vision/chest-xray-pneumonia,,refs/convert/parquet,224,64,4,10,0.0003,0.0001,0,cuda,True,False,1.0,ce,train_ce_no_aug,valid,resnet18_ce_aug0,results/train_ce_no_aug/seed_0,,0.9985574703800584,0.971264367816092,0.980340760157274,133,1,14,374
hf-vision/chest-xray-pneumonia,,refs/convert/parquet,224,64,4,10,0.0003,0.0001,0,cuda,True,False,1.0,ce,train_ce_no_aug,test,resnet18_ce_aug0,results/train_ce_no_aug/seed_0,checkpoints/resnet18_ce_aug0_frac1.0_seed0.pt,0.9345332018408942,0.8221153846153846,0.8745762711864407,126,108,3,387
hf-vision/chest-xray-pneumonia,,refs/convert/parquet,224,64,4,10,0.0003,0.0001,0,cuda,True,True,1.0,ce,train_ce_aug,valid,resnet18_ce_aug1,results/train_ce_aug/seed_0,,0.9981150946299432,0.978927203065134,0.9856584093872228,133,1,10,378
hf-vision/chest-xray-pneumonia,,refs/convert/parquet,224,64,4,10,0.0003,0.0001,0,cuda,True,True,1.0,ce,train_ce_aug,valid,resnet18_ce_aug1,results/train_ce_aug/seed_0,,0.9987690413909832,0.971264367816092,0.9803921568627452,132,2,13,375
hf-vision/chest-xray-pneumonia,,refs/convert/parquet,224,64,4,10,0.0003,0.0001,0,cuda,True,True,1.0,ce,train_ce_aug,valid,resnet18_ce_aug1,results/train_ce_aug/seed_0,,0.9990767810432376,0.9865900383141762,0.9910141206675224,129,5,2,386
hf-vision/chest-xray-pneumonia,,refs/convert/parquet,224,64,4,10,0.0003,0.0001,0,cuda,True,True,1.0,ce,train_ce_aug,valid,resnet18_ce_aug1,results/train_ce_aug/seed_0,,0.9990575473149717,0.992337164750958,0.9948586118251928,131,3,1,387
hf-vision/chest-xray-pneumonia,,refs/convert/parquet,224,64,4,10,0.0003,0.0001,0,cuda,True,True,1.0,ce,train_ce_aug,valid,resnet18_ce_aug1,results/train_ce_aug/seed_0,,0.9987882751192492,0.9904214559386972,0.9935649935649936,131,3,2,386
hf-vision/chest-xray-pneumonia,,refs/convert/parquet,224,64,4,10,0.0003,0.0001,0,cuda,True,True,1.0,ce,train_ce_aug,valid,resnet18_ce_aug1,results/train_ce_aug/seed_0,,0.9988267425757807,0.9885057471264368,0.9922680412371134,131,3,3,385
hf-vision/chest-xray-pneumonia,,refs/convert/parquet,224,64,4,10,0.0003,0.0001,0,cuda,True,True,1.0,ce,train_ce_aug,valid,resnet18_ce_aug1,results/train_ce_aug/seed_0,,0.9977304200646252,0.9693486590038314,0.979746835443038,119,15,1,387
hf-vision/chest-xray-pneumonia,,refs/convert/parquet,224,64,4,10,0.0003,0.0001,0,cuda,True,True,1.0,ce,train_ce_aug,valid,resnet18_ce_aug1,results/train_ce_aug/seed_0,,0.998672872749654,0.9865900383141762,0.9909443725743856,132,2,5,383
hf-vision/chest-xray-pneumonia,,refs/convert/parquet,224,64,4,10,0.0003,0.0001,0,cuda,True,True,1.0,ce,train_ce_aug,valid,resnet18_ce_aug1,results/train_ce_aug/seed_0,,0.9984036005539314,0.9521072796934866,0.9687108886107636,110,24,1,387
hf-vision/chest-xray-pneumonia,,refs/convert/parquet,224,64,4,10,0.0003,0.0001,0,cuda,True,True,1.0,ce,train_ce_aug,valid,resnet18_ce_aug1,results/train_ce_aug/seed_0,,0.9990190798584396,0.992337164750958,0.9948453608247424,132,2,2,386
hf-vision/chest-xray-pneumonia,,refs/convert/parquet,224,64,4,10,0.0003,0.0001,0,cuda,True,True,1.0,ce,train_ce_aug,test,resnet18_ce_aug1,results/train_ce_aug/seed_0,checkpoints/resnet18_ce_aug1_frac1.0_seed0.pt,0.9603111987727372,0.7756410256410257,0.8478260869565217,94,140,0,390
hf-vision/chest-xray-pneumonia,,refs/convert/parquet,224,64,4,10,0.0003,0.0001,0,cuda,True,True,1.0,focal,train_focal_aug,valid,resnet18_focal_aug1,results/train_focal_aug/seed_0,,0.9974996153254346,0.9846743295019156,0.9896373056994818,132,2,6,382
hf-vision/chest-xray-pneumonia,,refs/convert/parquet,224,64,4,10,0.0003,0.0001,0,cuda,True,True,1.0,focal,train_focal_aug,valid,resnet18_focal_aug1,results/train_focal_aug/seed_0,,0.9974996153254349,0.9770114942528736,0.9844155844155844,131,3,9,379
hf-vision/chest-xray-pneumonia,,refs/convert/parquet,224,64,4,10,0.0003,0.0001,0,cuda,True,True,1.0,focal,train_focal_aug,valid,resnet18_focal_aug1,results/train_focal_aug/seed_0,,0.99901907985844,0.9808429118773946,0.9869451697127938,134,0,10,378
hf-vision/chest-xray-pneumonia,,refs/convert/parquet,224,64,4,10,0.0003,0.0001,0,cuda,True,True,1.0,focal,train_focal_aug,valid,resnet18_focal_aug1,results/train_focal_aug/seed_0,,0.9991152484997692,0.9942528735632185,0.996138996138996,132,2,1,387
hf-vision/chest-xray-pneumonia,,refs/convert/parquet,224,64,4,10,0.0003,0.0001,0,cuda,True,True,1.0,focal,train_focal_aug,valid,resnet18_focal_aug1,results/train_focal_aug/seed_0,,0.9988844437605786,0.9865900383141762,0.9909208819714656,133,1,6,382
hf-vision/chest-xray-pneumonia,,refs/convert/parquet,224,64,4,10,0.0003,0.0001,0,cuda,True,True,1.0,focal,train_focal_aug,valid,resnet18_focal_aug1,results/train_focal_aug/seed_0,,0.999134482228035,0.992337164750958,0.9948320413436692,133,1,3,385
hf-vision/chest-xray-pneumonia,,refs/convert/parquet,224,64,4,10,0.0003,0.0001,0,cuda,True,True,1.0,focal,train_focal_aug,valid,resnet18_focal_aug1,results/train_focal_aug/seed_0,,0.9987690413909832,0.9865900383141762,0.9909208819714656,133,1,6,382
hf-vision/chest-xray-pneumonia,,refs/convert/parquet,224,64,4,10,0.0003,0.0001,0,cuda,True,True,1.0,focal,train_focal_aug,valid,resnet18_focal_aug1,results/train_focal_aug/seed_0,,0.9990190798584396,0.9846743295019156,0.9896640826873384,131,3,5,383
hf-vision/chest-xray-pneumonia,,refs/convert/parquet,224,64,4,10,0.0003,0.0001,0,cuda,True,True,1.0,focal,train_focal_aug,valid,resnet18_focal_aug1,results/train_focal_aug/seed_0,,0.9977496537928912,0.9674329501915708,0.9785082174462706,118,16,1,387
hf-vision/chest-xray-pneumonia,,refs/convert/parquet,224,64,4,10,0.0003,0.0001,0,cuda,True,True,1.0,focal,train_focal_aug,valid,resnet18_focal_aug1,results/train_focal_aug/seed_0,,0.9990575473149717,0.9885057471264368,0.9922077922077922,134,0,6,382
hf-vision/chest-xray-pneumonia,,refs/convert/parquet,224,64,4,10,0.0003,0.0001,0,cuda,True,True,1.0,focal,train_focal_aug,test,resnet18_focal_aug1,results/train_focal_aug/seed_0,checkpoints/resnet18_focal_aug1_frac1.0_seed0.pt,0.9570129300898532,0.8092948717948718,0.8676307007786429,115,119,0,390
hf-vision/chest-xray-pneumonia,,refs/convert/parquet,224,64,4,10,0.0003,0.0001,0,cuda,True,True,0.25,ce,ablation_data_25,valid,resnet18_ce_aug1_frac0p25,results/ablation_data_25/seed_0,,0.9954800738575164,0.8697318007662835,0.903954802259887,134,0,68,320
hf-vision/chest-xray-pneumonia,,refs/convert/parquet,224,64,4,10,0.0003,0.0001,0,cuda,True,True,0.25,ce,ablation_data_25,valid,resnet18_ce_aug1_frac0p25,results/ablation_data_25/seed_0,,0.998461301738729,0.9616858237547892,0.9735449735449736,134,0,20,368
hf-vision/chest-xray-pneumonia,,refs/convert/parquet,224,64,4,10,0.0003,0.0001,0,cuda,True,True,0.25,ce,ablation_data_25,valid,resnet18_ce_aug1_frac0p25,results/ablation_data_25/seed_0,,0.9990960147715032,0.9885057471264368,0.9922879177377892,130,4,2,386
hf-vision/chest-xray-pneumonia,,refs/convert/parquet,224,64,4,10,0.0003,0.0001,0,cuda,True,True,0.25,ce,ablation_data_25,valid,resnet18_ce_aug1_frac0p25,results/ablation_data_25/seed_0,,0.998653639021388,0.975095785440613,0.98343949044586,123,11,2,386
hf-vision/chest-xray-pneumonia,,refs/convert/parquet,224,64,4,10,0.0003,0.0001,0,cuda,True,True,0.25,ce,ablation_data_25,valid,resnet18_ce_aug1_frac0p25,results/ablation_data_25/seed_0,,0.9976727188798276,0.9827586206896552,0.988296488946684,133,1,8,380
hf-vision/chest-xray-pneumonia,,refs/convert/parquet,224,64,4,10,0.0003,0.0001,0,cuda,True,True,0.25,ce,ablation_data_25,valid,resnet18_ce_aug1_frac0p25,results/ablation_data_25/seed_0,,0.9978265887059548,0.975095785440613,0.982961992136304,134,0,13,375
hf-vision/chest-xray-pneumonia,,refs/convert/parquet,224,64,4,10,0.0003,0.0001,0,cuda,True,True,0.25,ce,ablation_data_25,valid,resnet18_ce_aug1_frac0p25,results/ablation_data_25/seed_0,,0.999134482228035,0.9846743295019156,0.9895833333333334,134,0,8,380
hf-vision/chest-xray-pneumonia,,refs/convert/parquet,224,64,4,10,0.0003,0.0001,0,cuda,True,True,0.25,ce,ablation_data_25,valid,resnet18_ce_aug1_frac0p25,results/ablation_data_25/seed_0,,0.9993845206954916,0.9846743295019156,0.9895833333333334,134,0,8,380
hf-vision/chest-xray-pneumonia,,refs/convert/parquet,224,64,4,10,0.0003,0.0001,0,cuda,True,True,0.25,ce,ablation_data_25,valid,resnet18_ce_aug1_frac0p25,results/ablation_data_25/seed_0,,0.9992498845976304,0.9865900383141762,0.9908972691807544,134,0,7,381
hf-vision/chest-xray-pneumonia,,refs/convert/parquet,224,64,4,10,0.0003,0.0001,0,cuda,True,True,0.25,ce,ablation_data_25,valid,resnet18_ce_aug1_frac0p25,results/ablation_data_25/seed_0,,0.998288198184336,0.978927203065134,0.9856209150326798,134,0,11,377
hf-vision/chest-xray-pneumonia,,refs/convert/parquet,224,64,4,10,0.0003,0.0001,0,cuda,True,True,0.25,ce,ablation_data_25,test,resnet18_ce_aug1_frac0p25,results/ablation_data_25/seed_0,checkpoints/resnet18_ce_aug1_frac0.25_seed0.pt,0.957944334867412,0.8493589743589743,0.8922018348623854,141,93,1,389
hf-vision/chest-xray-pneumonia,,refs/convert/parquet,224,64,4,10,0.0003,0.0001,0,cuda,True,True,1.0,ce,train_ce_aug,valid,resnet18_ce_aug1,results/train_ce_aug/seed_0,,0.9981150946299432,0.978927203065134,0.9856584093872228,133,1,10,378
hf-vision/chest-xray-pneumonia,,refs/convert/parquet,224,64,4,10,0.0003,0.0001,0,cuda,True,True,1.0,ce,train_ce_aug,valid,resnet18_ce_aug1,results/train_ce_aug/seed_0,,0.9987690413909832,0.971264367816092,0.9803921568627452,132,2,13,375
hf-vision/chest-xray-pneumonia,,refs/convert/parquet,224,64,4,10,0.0003,0.0001,0,cuda,True,True,1.0,ce,train_ce_aug,valid,resnet18_ce_aug1,results/train_ce_aug/seed_0,,0.9990767810432376,0.9865900383141762,0.9910141206675224,129,5,2,386
hf-vision/chest-xray-pneumonia,,refs/convert/parquet,224,64,4,10,0.0003,0.0001,0,cuda,True,True,1.0,ce,train_ce_aug,valid,resnet18_ce_aug1,results/train_ce_aug/seed_0,,0.9990575473149717,0.992337164750958,0.9948586118251928,131,3,1,387
hf-vision/chest-xray-pneumonia,,refs/convert/parquet,224,64,4,10,0.0003,0.0001,0,cuda,True,True,1.0,ce,train_ce_aug,valid,resnet18_ce_aug1,results/train_ce_aug/seed_0,,0.9987882751192492,0.9904214559386972,0.9935649935649936,131,3,2,386
hf-vision/chest-xray-pneumonia,,refs/convert/parquet,224,64,4,10,0.0003,0.0001,0,cuda,True,True,1.0,ce,train_ce_aug,valid,resnet18_ce_aug1,results/train_ce_aug/seed_0,,0.9988267425757807,0.9885057471264368,0.9922680412371134,131,3,3,385
hf-vision/chest-xray-pneumonia,,refs/convert/parquet,224,64,4,10,0.0003,0.0001,0,cuda,True,True,1.0,ce,train_ce_aug,valid,resnet18_ce_aug1,results/train_ce_aug/seed_0,,0.9977304200646252,0.9693486590038314,0.979746835443038,119,15,1,387
hf-vision/chest-xray-pneumonia,,refs/convert/parquet,224,64,4,10,0.0003,0.0001,0,cuda,True,True,1.0,ce,train_ce_aug,valid,resnet18_ce_aug1,results/train_ce_aug/seed_0,,0.998672872749654,0.9865900383141762,0.9909443725743856,132,2,5,383
hf-vision/chest-xray-pneumonia,,refs/convert/parquet,224,64,4,10,0.0003,0.0001,0,cuda,True,True,1.0,ce,train_ce_aug,valid,resnet18_ce_aug1,results/train_ce_aug/seed_0,,0.9984036005539314,0.9521072796934866,0.9687108886107636,110,24,1,387
hf-vision/chest-xray-pneumonia,,refs/convert/parquet,224,64,4,10,0.0003,0.0001,0,cuda,True,True,1.0,ce,train_ce_aug,valid,resnet18_ce_aug1,results/train_ce_aug/seed_0,,0.9990190798584396,0.992337164750958,0.9948453608247424,132,2,2,386
hf-vision/chest-xray-pneumonia,,refs/convert/parquet,224,64,4,10,0.0003,0.0001,0,cuda,True,True,1.0,ce,train_ce_aug,test,resnet18_ce_aug1,results/train_ce_aug/seed_0,checkpoints/resnet18_ce_aug1_frac1.0_seed0.pt,0.9603111987727372,0.7756410256410257,0.8478260869565217,94,140,0,390
hf-vision/chest-xray-pneumonia,,refs/convert/parquet,224,64,4,10,0.0003,0.0001,1,cuda,True,True,1.0,ce,train_ce_aug,valid,resnet18_ce_aug1,results/train_ce_aug/seed_1,,0.9975188490537008,0.8773946360153256,0.923809523809524,70,64,0,388
hf-vision/chest-xray-pneumonia,,refs/convert/parquet,224,64,4,10,0.0003,0.0001,1,cuda,True,True,1.0,ce,train_ce_aug,valid,resnet18_ce_aug1,results/train_ce_aug/seed_1,,0.996941837205724,0.9731800766283524,0.9818181818181818,130,4,10,378
hf-vision/chest-xray-pneumonia,,refs/convert/parquet,224,64,4,10,0.0003,0.0001,1,cuda,True,True,1.0,ce,train_ce_aug,valid,resnet18_ce_aug1,results/train_ce_aug/seed_1,,0.99794199107555,0.9731800766283524,0.9817708333333334,131,3,11,377
hf-vision/chest-xray-pneumonia,,refs/convert/parquet,224,64,4,10,0.0003,0.0001,1,cuda,True,True,1.0,ce,train_ce_aug,valid,resnet18_ce_aug1,results/train_ce_aug/seed_1,,0.9985190029235268,0.975095785440613,0.983225806451613,128,6,7,381
hf-vision/chest-xray-pneumonia,,refs/convert/parquet,224,64,4,10,0.0003,0.0001,1,cuda,True,True,1.0,ce,train_ce_aug,valid,resnet18_ce_aug1,results/train_ce_aug/seed_1,,0.9991344822280352,0.975095785440613,0.9830508474576272,132,2,11,377
hf-vision/chest-xray-pneumonia,,refs/convert/parquet,224,64,4,10,0.0003,0.0001,1,cuda,True,True,1.0,ce,train_ce_aug,valid,resnet18_ce_aug1,results/train_ce_aug/seed_1,,0.9990960147715032,0.9827586206896552,0.9884763124199744,127,7,2,386
hf-vision/chest-xray-pneumonia,,refs/convert/parquet,224,64,4,10,0.0003,0.0001,1,cuda,True,True,1.0,ce,train_ce_aug,valid,resnet18_ce_aug1,results/train_ce_aug/seed_1,,0.9985574703800584,0.9731800766283524,0.9817232375979112,132,2,12,376
hf-vision/chest-xray-pneumonia,,refs/convert/parquet,224,64,4,10,0.0003,0.0001,1,cuda,True,True,1.0,ce,train_ce_aug,valid,resnet18_ce_aug1,results/train_ce_aug/seed_1,,0.997788121249423,0.950191570881226,0.9653333333333334,134,0,26,362
hf-vision/chest-xray-pneumonia,,refs/convert/parquet,224,64,4,10,0.0003,0.0001,1,cuda,True,True,1.0,ce,train_ce_aug,valid,resnet18_ce_aug1,results/train_ce_aug/seed_1,,0.9961917218033544,0.971264367816092,0.9806451612903224,127,7,8,380
hf-vision/chest-xray-pneumonia,,refs/convert/parquet,224,64,4,10,0.0003,0.0001,1,cuda,True,True,1.0,ce,train_ce_aug,valid,resnet18_ce_aug1,results/train_ce_aug/seed_1,,0.9982304969995384,0.9808429118773946,0.9871794871794872,127,7,3,385
hf-vision/chest-xray-pneumonia,,refs/convert/parquet,224,64,4,10,0.0003,0.0001,1,cuda,True,True,1.0,ce,train_ce_aug,test,resnet18_ce_aug1,results/train_ce_aug/seed_1,checkpoints/resnet18_ce_aug1_frac1.0_seed1.pt,0.9460333114179268,0.8798076923076923,0.911660777385159,162,72,3,387
hf-vision/chest-xray-pneumonia,,refs/convert/parquet,224,64,4,10,0.0003,0.0001,2,cuda,True,True,1.0,ce,train_ce_aug,valid,resnet18_ce_aug1,results/train_ce_aug/seed_2,,0.9920564702261888,0.9616858237547892,0.9748110831234256,115,19,1,387
hf-vision/chest-xray-pneumonia,,refs/convert/parquet,224,64,4,10,0.0003,0.0001,2,cuda,True,True,1.0,ce,train_ce_aug,valid,resnet18_ce_aug1,results/train_ce_aug/seed_2,,0.9934220649330666,0.9406130268199234,0.9615861214374224,103,31,0,388
hf-vision/chest-xray-pneumonia,,refs/convert/parquet,224,64,4,10,0.0003,0.0001,2,cuda,True,True,1.0,ce,train_ce_aug,valid,resnet18_ce_aug1,results/train_ce_aug/seed_2,,0.9962301892598862,0.9693486590038314,0.9791666666666666,130,4,12,376
hf-vision/chest-xray-pneumonia,,refs/convert/parquet,224,64,4,10,0.0003,0.0001,2,cuda,True,True,1.0,ce,train_ce_aug,valid,resnet18_ce_aug1,results/train_ce_aug/seed_2,,0.9980958609016772,0.9827586206896552,0.9883870967741936,130,4,5,383
hf-vision/chest-xray-pneumonia,,refs/convert/parquet,224,64,4,10,0.0003,0.0001,2,cuda,True,True,1.0,ce,train_ce_aug,valid,resnet18_ce_aug1,results/train_ce_aug/seed_2,,0.9976534851515618,0.9636015325670498,0.9750328515111696,132,2,17,371
hf-vision/chest-xray-pneumonia,,refs/convert/parquet,224,64,4,10,0.0003,0.0001,2,cuda,True,True,1.0,ce,train_ce_aug,valid,resnet18_ce_aug1,results/train_ce_aug/seed_2,,0.9981727958147408,0.978927203065134,0.9857328145265888,131,3,8,380
hf-vision/chest-xray-pneumonia,,refs/convert/parquet,224,64,4,10,0.0003,0.0001,2,cuda,True,True,1.0,ce,train_ce_aug,valid,resnet18_ce_aug1,results/train_ce_aug/seed_2,,0.9982497307278044,0.978927203065134,0.9858429858429858,128,6,5,383
hf-vision/chest-xray-pneumonia,,refs/convert/parquet,224,64,4,10,0.0003,0.0001,2,cuda,True,True,1.0,ce,train_ce_aug,valid,resnet18_ce_aug1,results/train_ce_aug/seed_2,,0.9974419141406372,0.975095785440613,0.9830949284785436,131,3,10,378
hf-vision/chest-xray-pneumonia,,refs/convert/parquet,224,64,4,10,0.0003,0.0001,2,cuda,True,True,1.0,ce,train_ce_aug,valid,resnet18_ce_aug1,results/train_ce_aug/seed_2,,0.9983266656408678,0.9808429118773946,0.987012987012987,132,2,8,380
hf-vision/chest-xray-pneumonia,,refs/convert/parquet,224,64,4,10,0.0003,0.0001,2,cuda,True,True,1.0,ce,train_ce_aug,valid,resnet18_ce_aug1,results/train_ce_aug/seed_2,,0.9974226804123713,0.9808429118773946,0.9870466321243524,131,3,7,381
hf-vision/chest-xray-pneumonia,,refs/convert/parquet,224,64,4,10,0.0003,0.0001,2,cuda,True,True,1.0,ce,train_ce_aug,test,resnet18_ce_aug1,results/train_ce_aug/seed_2,checkpoints/resnet18_ce_aug1_frac1.0_seed2.pt,0.9573471400394478,0.8814102564102564,0.9125295508274232,164,70,4,386
hf-vision/chest-xray-pneumonia,,refs/convert/parquet,224,64,4,10,0.0003,0.0001,0,cuda,True,True,1.0,focal,train_focal_aug,valid,resnet18_focal_aug1,results/train_focal_aug/seed_0,,0.9974996153254346,0.9846743295019156,0.9896373056994818,132,2,6,382
hf-vision/chest-xray-pneumonia,,refs/convert/parquet,224,64,4,10,0.0003,0.0001,0,cuda,True,True,1.0,focal,train_focal_aug,valid,resnet18_focal_aug1,results/train_focal_aug/seed_0,,0.9974996153254349,0.9770114942528736,0.9844155844155844,131,3,9,379
hf-vision/chest-xray-pneumonia,,refs/convert/parquet,224,64,4,10,0.0003,0.0001,0,cuda,True,True,1.0,focal,train_focal_aug,valid,resnet18_focal_aug1,results/train_focal_aug/seed_0,,0.99901907985844,0.9808429118773946,0.9869451697127938,134,0,10,378
hf-vision/chest-xray-pneumonia,,refs/convert/parquet,224,64,4,10,0.0003,0.0001,0,cuda,True,True,1.0,focal,train_focal_aug,valid,resnet18_focal_aug1,results/train_focal_aug/seed_0,,0.9991152484997692,0.9942528735632185,0.996138996138996,132,2,1,387
hf-vision/chest-xray-pneumonia,,refs/convert/parquet,224,64,4,10,0.0003,0.0001,0,cuda,True,True,1.0,focal,train_focal_aug,valid,resnet18_focal_aug1,results/train_focal_aug/seed_0,,0.9988844437605786,0.9865900383141762,0.9909208819714656,133,1,6,382
hf-vision/chest-xray-pneumonia,,refs/convert/parquet,224,64,4,10,0.0003,0.0001,0,cuda,True,True,1.0,focal,train_focal_aug,valid,resnet18_focal_aug1,results/train_focal_aug/seed_0,,0.999134482228035,0.992337164750958,0.9948320413436692,133,1,3,385
hf-vision/chest-xray-pneumonia,,refs/convert/parquet,224,64,4,10,0.0003,0.0001,0,cuda,True,True,1.0,focal,train_focal_aug,valid,resnet18_focal_aug1,results/train_focal_aug/seed_0,,0.9987690413909832,0.9865900383141762,0.9909208819714656,133,1,6,382
hf-vision/chest-xray-pneumonia,,refs/convert/parquet,224,64,4,10,0.0003,0.0001,0,cuda,True,True,1.0,focal,train_focal_aug,valid,resnet18_focal_aug1,results/train_focal_aug/seed_0,,0.9990190798584396,0.9846743295019156,0.9896640826873384,131,3,5,383
hf-vision/chest-xray-pneumonia,,refs/convert/parquet,224,64,4,10,0.0003,0.0001,0,cuda,True,True,1.0,focal,train_focal_aug,valid,resnet18_focal_aug1,results/train_focal_aug/seed_0,,0.9977496537928912,0.9674329501915708,0.9785082174462706,118,16,1,387
hf-vision/chest-xray-pneumonia,,refs/convert/parquet,224,64,4,10,0.0003,0.0001,0,cuda,True,True,1.0,focal,train_focal_aug,valid,resnet18_focal_aug1,results/train_focal_aug/seed_0,,0.9990575473149717,0.9885057471264368,0.9922077922077922,134,0,6,382
hf-vision/chest-xray-pneumonia,,refs/convert/parquet,224,64,4,10,0.0003,0.0001,0,cuda,True,True,1.0,focal,train_focal_aug,test,resnet18_focal_aug1,results/train_focal_aug/seed_0,checkpoints/resnet18_focal_aug1_frac1.0_seed0.pt,0.9570129300898532,0.8092948717948718,0.8676307007786429,115,119,0,390
hf-vision/chest-xray-pneumonia,,refs/convert/parquet,224,64,4,10,0.0003,0.0001,1,cuda,True,True,1.0,focal,train_focal_aug,valid,resnet18_focal_aug1,results/train_focal_aug/seed_1,,0.9973842129558392,0.9731800766283524,0.9817232375979112,132,2,12,376
hf-vision/chest-xray-pneumonia,,refs/convert/parquet,224,64,4,10,0.0003,0.0001,1,cuda,True,True,1.0,focal,train_focal_aug,valid,resnet18_focal_aug1,results/train_focal_aug/seed_1,,0.9985190029235268,0.9636015325670498,0.9761006289308176,115,19,0,388
hf-vision/chest-xray-pneumonia,,refs/convert/parquet,224,64,4,10,0.0003,0.0001,1,cuda,True,True,1.0,focal,train_focal_aug,valid,resnet18_focal_aug1,results/train_focal_aug/seed_1,,0.9984997691952608,0.9578544061302682,0.9708994708994708,133,1,21,367
hf-vision/chest-xray-pneumonia,,refs/convert/parquet,224,64,4,10,0.0003,0.0001,1,cuda,True,True,1.0,focal,train_focal_aug,valid,resnet18_focal_aug1,results/train_focal_aug/seed_1,,0.9987882751192492,0.975095785440613,0.9830508474576272,132,2,11,377
hf-vision/chest-xray-pneumonia,,refs/convert/parquet,224,64,4,10,0.0003,0.0001,1,cuda,True,True,1.0,focal,train_focal_aug,valid,resnet18_focal_aug1,results/train_focal_aug/seed_1,,0.9985382366517926,0.978927203065134,0.9856584093872228,133,1,10,378
hf-vision/chest-xray-pneumonia,,refs/convert/parquet,224,64,4,10,0.0003,0.0001,1,cuda,True,True,1.0,focal,train_focal_aug,valid,resnet18_focal_aug1,results/train_focal_aug/seed_1,,0.999326819510694,0.9885057471264368,0.9922680412371134,131,3,3,385
hf-vision/chest-xray-pneumonia,,refs/convert/parquet,224,64,4,10,0.0003,0.0001,1,cuda,True,True,1.0,focal,train_focal_aug,valid,resnet18_focal_aug1,results/train_focal_aug/seed_1,,0.997441914140637,0.975095785440613,0.9832689832689832,127,7,6,382
hf-vision/chest-xray-pneumonia,,refs/convert/parquet,224,64,4,10,0.0003,0.0001,1,cuda,True,True,1.0,focal,train_focal_aug,valid,resnet18_focal_aug1,results/train_focal_aug/seed_1,,0.9958455146945684,0.9559386973180076,0.9697766097240472,130,4,19,369
hf-vision/chest-xray-pneumonia,,refs/convert/parquet,224,64,4,10,0.0003,0.0001,1,cuda,True,True,1.0,focal,train_focal_aug,valid,resnet18_focal_aug1,results/train_focal_aug/seed_1,,0.998807508847515,0.978927203065134,0.9857697283311772,130,4,7,381
hf-vision/chest-xray-pneumonia,,refs/convert/parquet,224,64,4,10,0.0003,0.0001,1,cuda,True,True,1.0,focal,train_focal_aug,valid,resnet18_focal_aug1,results/train_focal_aug/seed_1,,0.9975188490537006,0.971264367816092,0.9805950840879688,128,6,9,379
hf-vision/chest-xray-pneumonia,,refs/convert/parquet,224,64,4,10,0.0003,0.0001,1,cuda,True,True,1.0,focal,train_focal_aug,test,resnet18_focal_aug1,results/train_focal_aug/seed_1,checkpoints/resnet18_focal_aug1_frac1.0_seed1.pt,0.9366644751260136,0.8141025641025641,0.8699551569506726,120,114,2,388
hf-vision/chest-xray-pneumonia,,refs/convert/parquet,224,64,4,10,0.0003,0.0001,2,cuda,True,True,1.0,focal,train_focal_aug,valid,resnet18_focal_aug1,results/train_focal_aug/seed_2,,0.9963071241729496,0.9674329501915708,0.9778357235984356,130,4,13,375
hf-vision/chest-xray-pneumonia,,refs/convert/parquet,224,64,4,10,0.0003,0.0001,2,cuda,True,True,1.0,focal,train_focal_aug,valid,resnet18_focal_aug1,results/train_focal_aug/seed_2,,0.9937682720418526,0.9616858237547892,0.9747474747474748,116,18,2,386
hf-vision/chest-xray-pneumonia,,refs/convert/parquet,224,64,4,10,0.0003,0.0001,2,cuda,True,True,1.0,focal,train_focal_aug,valid,resnet18_focal_aug1,results/train_focal_aug/seed_2,,0.9962301892598862,0.9674329501915708,0.9777195281782438,132,2,15,373
hf-vision/chest-xray-pneumonia,,refs/convert/parquet,224,64,4,10,0.0003,0.0001,2,cuda,True,True,1.0,focal,train_focal_aug,valid,resnet18_focal_aug1,results/train_focal_aug/seed_2,,0.9980958609016772,0.9865900383141762,0.990990990990991,130,4,3,385
hf-vision/chest-xray-pneumonia,,refs/convert/parquet,224,64,4,10,0.0003,0.0001,2,cuda,True,True,1.0,focal,train_focal_aug,valid,resnet18_focal_aug1,results/train_focal_aug/seed_2,,0.99728804431451,0.9578544061302682,0.9709762532981532,132,2,20,368
hf-vision/chest-xray-pneumonia,,refs/convert/parquet,224,64,4,10,0.0003,0.0001,2,cuda,True,True,1.0,focal,train_focal_aug,valid,resnet18_focal_aug1,results/train_focal_aug/seed_2,,0.9971534082166488,0.971264367816092,0.9808429118773946,123,11,4,384
hf-vision/chest-xray-pneumonia,,refs/convert/parquet,224,64,4,10,0.0003,0.0001,2,cuda,True,True,1.0,focal,train_focal_aug,valid,resnet18_focal_aug1,results/train_focal_aug/seed_2,,0.99761501769503,0.9770114942528736,0.9846547314578004,125,9,3,385
hf-vision/chest-xray-pneumonia,,refs/convert/parquet,224,64,4,10,0.0003,0.0001,2,cuda,True,True,1.0,focal,train_focal_aug,valid,resnet18_focal_aug1,results/train_focal_aug/seed_2,,0.9977688875211572,0.9770114942528736,0.9844155844155844,131,3,9,379
hf-vision/chest-xray-pneumonia,,refs/convert/parquet,224,64,4,10,0.0003,0.0001,2,cuda,True,True,1.0,focal,train_focal_aug,valid,resnet18_focal_aug1,results/train_focal_aug/seed_2,,0.9988459763040468,0.9693486590038314,0.979746835443038,119,15,1,387
hf-vision/chest-xray-pneumonia,,refs/convert/parquet,224,64,4,10,0.0003,0.0001,2,cuda,True,True,1.0,focal,train_focal_aug,valid,resnet18_focal_aug1,results/train_focal_aug/seed_2,,0.9978265887059548,0.9731800766283524,0.9820971867007672,124,10,4,384
hf-vision/chest-xray-pneumonia,,refs/convert/parquet,224,64,4,10,0.0003,0.0001,2,cuda,True,True,1.0,focal,train_focal_aug,test,resnet18_focal_aug1,results/train_focal_aug/seed_2,checkpoints/resnet18_focal_aug1_frac1.0_seed2.pt,0.9657023887793119,0.8125,0.8689809630459127,119,115,2,388
